Player,Stat,Percentage
Jake Browning,pass_yds,50.0
Mason Rudolph,pass_yds,
Jake Browning,pass_yds,50.0
Mason Rudolph,pass_yds,
Jake Browning,pass_yds,66.66666666666666
Josh Allen,pass_yds,57.14285714285714
Josh Allen,pass_yds,35.714285714285715
Josh Allen,pass_yds,71.42857142857143
Easton Stick,pass_yds,50.0
Easton Stick,pass_yds,50.0
Easton Stick,pass_yds,100.0
Taylor Heinicke,pass_yds,33.33333333333333
Gardner Minshew,pass_yds,
Gardner Minshew,pass_yds,
Taylor Heinicke,pass_yds,33.33333333333333
Taylor Heinicke,pass_yds,
Gardner Minshew,pass_yds,
Jordan Love,pass_yds,
Jordan Love,pass_yds,
Bryce Young,pass_yds,
Bryce Young,pass_yds,
Jordan Love,pass_yds,
Joe Flacco,pass_yds,
Case Keenum,pass_yds,
Joe Flacco,pass_yds,
Joe Flacco,pass_yds,
Jared Goff,pass_yds,
Jared Goff,pass_yds,
Nick Mullens,pass_yds,
Nick Mullens,pass_yds,
Jared Goff,pass_yds,
Sam Howell,pass_yds,
Trevor Siemian,pass_yds,
Sam Howell,pass_yds,
Sam Howell,pass_yds,
Geno Smith,pass_yds,
Geno Smith,pass_yds,
Geno Smith,pass_yds,
Baker Mayfield,pass_yds,
Baker Mayfield,pass_yds,
Baker Mayfield,pass_yds,
Kyler Murray,pass_yds,
Kyler Murray,pass_yds,
Justin Fields,pass_yds,
Justin Fields,pass_yds,
Kyler Murray,pass_yds,
Justin Fields,pass_yds,
Dak Prescott,pass_yds,
Tua Tagovailoa,pass_yds,
Dak Prescott,pass_yds,
Tua Tagovailoa,pass_yds,
Dak Prescott,pass_yds,
Tua Tagovailoa,pass_yds,
Bailey Zappe,pass_yds,
Russell Wilson,pass_yds,
Bailey Zappe,pass_yds,
Russell Wilson,pass_yds,
Russell Wilson,pass_yds,
Aidan O'Connell,pass_yds,
Patrick Mahomes,pass_yds,
Patrick Mahomes,pass_yds,
Aidan O'Connell,pass_yds,
Aidan O'Connell,pass_yds,
Patrick Mahomes,pass_yds,
Tommy DeVito,pass_yds,
Jalen Hurts,pass_yds,
Jalen Hurts,pass_yds,
Tommy DeVito,pass_yds,
Jalen Hurts,pass_yds,
Tommy DeVito,pass_yds,
Brock Purdy,pass_yds,
Lamar Jackson,pass_yds,
Lamar Jackson,pass_yds,
Lamar Jackson,pass_yds,
Brock Purdy,pass_yds,
Brock Purdy,pass_yds,
Lamar Jackson,pass_yds,
Tee Higgins,rec_yds,
George Pickens,rec_yds,
Diontae Johnson,rec_yds,
Diontae Johnson,rec_yds,
George Pickens,rec_yds,
Tee Higgins,rec_yds,
Diontae Johnson,rec_yds,
Tyler Boyd,rec_yds,
Tyler Boyd,rec_yds,
Tyler Boyd,rec_yds,
Joe Mixon,rec_yds,
Tyler Boyd,rec_yds,
Chase Brown,rec_yds,
Trenton Irwin,rec_yds,
Tanner Hudson,rec_yds,
Allen Robinson,rec_yds,
Tanner Hudson,rec_yds,
George Pickens,rec_yds,
Jaylen Warren,rec_yds,
Pat Freiermuth,rec_yds,
Pat Freiermuth,rec_yds,
Tee Higgins,rec_yds,
Stefon Diggs,rec_yds,
Dalton Kincaid,rec_yds,
Stefon Diggs,rec_yds,
James Cook,rec_yds,
Austin Ekeler,rec_yds,
Josh Palmer,rec_yds,
Quentin Johnston,rec_yds,
Gabriel Davis,rec_yds,
Gabriel Davis,rec_yds,
Austin Ekeler,rec_yds,
Stefon Diggs,rec_yds,
Jalen Guyton,rec_yds,
Gabriel Davis,rec_yds,
Dalton Kincaid,rec_yds,
Dalton Kincaid,rec_yds,
Josh Palmer,rec_yds,
Josh Palmer,rec_yds,
Quentin Johnston,rec_yds,
Alex Erickson,rec_yds,
Austin Ekeler,rec_yds,
Michael Pittman Jr.,rec_yds,
Drake London,rec_yds,
Bijan Robinson,rec_yds,
Kyle Pitts,rec_yds,
Drake London,rec_yds,
Bijan Robinson,rec_yds,
Alec Pierce,rec_yds,
Alec Pierce,rec_yds,
Drake London,rec_yds,
Josh Downs,rec_yds,
KhaDarel Hodge,rec_yds,
Michael Pittman Jr.,rec_yds,
Jonnu Smith,rec_yds,
Kyle Pitts,rec_yds,
Jonnu Smith,rec_yds,
Kyle Pitts,rec_yds,
Chuba Hubbard,rec_yds,
Jonathan Mingo,rec_yds,
D.J. Chark,rec_yds,
Jonathan Mingo,rec_yds,
Adam Thielen,rec_yds,
Jonathan Mingo,rec_yds,
Tucker Kraft,rec_yds,
Tommy Tremble,rec_yds,
Aaron Jones,rec_yds,
Amari Cooper,rec_yds,
David Njoku,rec_yds,
Jerome Ford,rec_yds,
Elijah Moore,rec_yds,
Devin Singletary,rec_yds,
Nico Collins,rec_yds,
Noah Brown,rec_yds,
Amari Cooper,rec_yds,
Dalton Schultz,rec_yds,
Noah Brown,rec_yds,
Nico Collins,rec_yds,
Amari Cooper,rec_yds,
Elijah Moore,rec_yds,
Nico Collins,rec_yds,
David Njoku,rec_yds,
Dalton Schultz,rec_yds,
Noah Brown,rec_yds,
Elijah Moore,rec_yds,
Cedric Tillman,rec_yds,
Dalton Schultz,rec_yds,
Justin Jefferson,rec_yds,
Amon-Ra St. Brown,rec_yds,
Jordan Addison,rec_yds,
Sam LaPorta,rec_yds,
Jahmyr Gibbs,rec_yds,
Jameson Williams,rec_yds,
Jordan Addison,rec_yds,
Justin Jefferson,rec_yds,
Sam LaPorta,rec_yds,
Amon-Ra St. Brown,rec_yds,
Amon-Ra St. Brown,rec_yds,
Justin Jefferson,rec_yds,
Jahmyr Gibbs,rec_yds,
Sam LaPorta,rec_yds,
Jordan Addison,rec_yds,
Jameson Williams,rec_yds,
K.J. Osborn,rec_yds,
Josh Reynolds,rec_yds,
Kalif Raymond,rec_yds,
T.J. Hockenson,rec_yds,
Garrett Wilson,rec_yds,
Garrett Wilson,rec_yds,
Terry McLaurin,rec_yds,
Breece Hall,rec_yds,
Tyler Conklin,rec_yds,
Breece Hall,rec_yds,
Logan Thomas,rec_yds,
Curtis Samuel,rec_yds,
Curtis Samuel,rec_yds,
Terry McLaurin,rec_yds,
Garrett Wilson,rec_yds,
Garrett Wilson,rec_yds,
Curtis Samuel,rec_yds,
Hunter Renfrow,rec_yds,
Jahan Dotson,rec_yds,
Logan Thomas,rec_yds,
Jeremy Ruckert,rec_yds,
Tyler Conklin,rec_yds,
Antonio Gibson,rec_yds,
D.K. Metcalf,rec_yds,
Tyler Lockett,rec_yds,
Jaxon Smith-Njigba,rec_yds,
DeAndre Hopkins,rec_yds,
Kenneth Walker III,rec_yds,
Tyjae Spears,rec_yds,
D.K. Metcalf,rec_yds,
DeAndre Hopkins,rec_yds,
Treylon Burks,rec_yds,
Tyler Lockett,rec_yds,
Jaxon Smith-Njigba,rec_yds,
DeAndre Hopkins,rec_yds,
Tyler Lockett,rec_yds,
Chigoziem Okonkwo,rec_yds,
Treylon Burks,rec_yds,
D.K. Metcalf,rec_yds,
Chris Moore,rec_yds,
Jaxon Smith-Njigba,rec_yds,
Noah Fant,rec_yds,
Noah Fant,rec_yds,
Chigoziem Okonkwo,rec_yds,
Chigoziem Okonkwo,rec_yds,
Mike Evans,rec_yds,
Calvin Ridley,rec_yds,
Chris Godwin,rec_yds,
Rachaad White,rec_yds,
Travis Etienne,rec_yds,
Evan Engram,rec_yds,
Calvin Ridley,rec_yds,
Rachaad White,rec_yds,
Travis Etienne,rec_yds,
Chris Godwin,rec_yds,
Evan Engram,rec_yds,
Calvin Ridley,rec_yds,
Mike Evans,rec_yds,
Cade Otton,rec_yds,
Mike Evans,rec_yds,
Chris Godwin,rec_yds,
Evan Engram,rec_yds,
Cade Otton,rec_yds,
D.J. Moore,rec_yds,
Trey McBride,rec_yds,
Cole Kmet,rec_yds,
D.J. Moore,rec_yds,
Cole Kmet,rec_yds,
Trey McBride,rec_yds,
D.J. Moore,rec_yds,
Darnell Mooney,rec_yds,
Michael Wilson,rec_yds,
Trey McBride,rec_yds,
Cole Kmet,rec_yds,
CeeDee Lamb,rec_yds,
Tony Pollard,rec_yds,
Brandin Cooks,rec_yds,
Brandin Cooks,rec_yds,
Brandin Cooks,rec_yds,
CeeDee Lamb,rec_yds,
CeeDee Lamb,rec_yds,
Tyreek Hill,rec_yds,
Jaylen Waddle,rec_yds,
Michael Gallup,rec_yds,
Jalen Tolbert,rec_yds,
Jake Ferguson,rec_yds,
Jake Ferguson,rec_yds,
Jake Ferguson,rec_yds,
Courtland Sutton,rec_yds,
Jerry Jeudy,rec_yds,
Javonte Williams,rec_yds,
Samaje Perine,rec_yds,
Courtland Sutton,rec_yds,
Courtland Sutton,rec_yds,
Jerry Jeudy,rec_yds,
Lil'Jordan Humphrey,rec_yds,
Marvin Mims Jr.,rec_yds,
Davante Adams,rec_yds,
Rashee Rice,rec_yds,
Travis Kelce,rec_yds,
Jakobi Meyers,rec_yds,
Davante Adams,rec_yds,
Hunter Renfrow,rec_yds,
Jakobi Meyers,rec_yds,
Travis Kelce,rec_yds,
Davante Adams,rec_yds,
Rashee Rice,rec_yds,
Justin Watson,rec_yds,
Jakobi Meyers,rec_yds,
Marquez Valdes-Scantling,rec_yds,
Travis Kelce,rec_yds,
Michael Mayer,rec_yds,
Noah Gray,rec_yds,
A.J. Brown,rec_yds,
D'Andre Swift,rec_yds,
Saquon Barkley,rec_yds,
A.J. Brown,rec_yds,
Darren Waller,rec_yds,
Darius Slayton,rec_yds,
A.J. Brown,rec_yds,
Jalin Hyatt,rec_yds,
Darius Slayton,rec_yds,
DeVonta Smith,rec_yds,
Wan'Dale Robinson,rec_yds,
Wan'Dale Robinson,rec_yds,
Dallas Goedert,rec_yds,
Darren Waller,rec_yds,
Brandon Aiyuk,rec_yds,
Deebo Samuel,rec_yds,
George Kittle,rec_yds,
Zay Flowers,rec_yds,
Christian McCaffrey,rec_yds,
Christian McCaffrey,rec_yds,
Christian McCaffrey,rec_yds,
Isaiah Likely,rec_yds,
Isaiah Likely,rec_yds,
Odell Beckham Jr,rec_yds,
Zay Flowers,rec_yds,
Deebo Samuel,rec_yds,
Brandon Aiyuk,rec_yds,
Brandon Aiyuk,rec_yds,
Nelson Agholor,rec_yds,
Deebo Samuel,rec_yds,
Odell Beckham Jr,rec_yds,
Odell Beckham Jr,rec_yds,
Rashod Bateman,rec_yds,
Isaiah Likely,rec_yds,
George Kittle,rec_yds,
Jaylen Warren,rush_yds,
Joe Mixon,rush_yds,
Najee Harris,rush_yds,
Joe Mixon,rush_yds,
Jake Browning,rush_yds,
Chase Brown,rush_yds,
Jaylen Warren,rush_yds,
Najee Harris,rush_yds,
Joe Mixon,rush_yds,
Mason Rudolph,rush_yds,
James Cook,rush_yds,
Josh Allen,rush_yds,
Easton Stick,rush_yds,
Josh Allen,rush_yds,
James Cook,rush_yds,
Austin Ekeler,rush_yds,
Josh Allen,rush_yds,
Austin Ekeler,rush_yds,
James Cook,rush_yds,
Austin Ekeler,rush_yds,
Bijan Robinson,rush_yds,
Taylor Heinicke,rush_yds,
Jonathan Taylor,rush_yds,
Bijan Robinson,rush_yds,
Tyler Allgeier,rush_yds,
Tyler Allgeier,rush_yds,
Bijan Robinson,rush_yds,
Gardner Minshew,rush_yds,
Jordan Love,rush_yds,
Chuba Hubbard,rush_yds,
Bryce Young,rush_yds,
Chuba Hubbard,rush_yds,
Miles Sanders,rush_yds,
Chuba Hubbard,rush_yds,
Devin Singletary,rush_yds,
Jerome Ford,rush_yds,
Jerome Ford,rush_yds,
Devin Singletary,rush_yds,
Devin Singletary,rush_yds,
David Montgomery,rush_yds,
David Montgomery,rush_yds,
Jahmyr Gibbs,rush_yds,
Jahmyr Gibbs,rush_yds,
David Montgomery,rush_yds,
Nick Mullens,rush_yds,
Jared Goff,rush_yds,
Sam Howell,rush_yds,
Breece Hall,rush_yds,
Christopher Rodriguez Jr.,rush_yds,
Breece Hall,rush_yds,
Antonio Gibson,rush_yds,
Kenneth Walker III,rush_yds,
Derrick Henry,rush_yds,
Tyjae Spears,rush_yds,
Rachaad White,rush_yds,
Rachaad White,rush_yds,
Travis Etienne,rush_yds,
Rachaad White,rush_yds,
Travis Etienne,rush_yds,
Travis Etienne,rush_yds,
Baker Mayfield,rush_yds,
Kyler Murray,rush_yds,
Justin Fields,rush_yds,
Justin Fields,rush_yds,
James Conner,rush_yds,
D'Onta Foreman,rush_yds,
James Conner,rush_yds,
D'Onta Foreman,rush_yds,
Kyler Murray,rush_yds,
James Conner,rush_yds,
Justin Fields,rush_yds,
Kyler Murray,rush_yds,
Dak Prescott,rush_yds,
Tony Pollard,rush_yds,
Raheem Mostert,rush_yds,
Devon Achane,rush_yds,
Tony Pollard,rush_yds,
Raheem Mostert,rush_yds,
Devon Achane,rush_yds,
Rico Dowdle,rush_yds,
Tony Pollard,rush_yds,
Raheem Mostert,rush_yds,
Tua Tagovailoa,rush_yds,
Javonte Williams,rush_yds,
Javonte Williams,rush_yds,
Russell Wilson,rush_yds,
Javonte Williams,rush_yds,
Bailey Zappe,rush_yds,
Isiah Pacheco,rush_yds,
Isiah Pacheco,rush_yds,
Patrick Mahomes,rush_yds,
Isiah Pacheco,rush_yds,
Isiah Pacheco,rush_yds,
Aidan O'Connell,rush_yds,
Tommy DeVito,rush_yds,
Saquon Barkley,rush_yds,
Jalen Hurts,rush_yds,
D'Andre Swift,rush_yds,
D'Andre Swift,rush_yds,
Jalen Hurts,rush_yds,
Saquon Barkley,rush_yds,
Kenny Gainwell,rush_yds,
Tommy DeVito,rush_yds,
D'Andre Swift,rush_yds,
Lamar Jackson,rush_yds,
Christian McCaffrey,rush_yds,
Lamar Jackson,rush_yds,
Christian McCaffrey,rush_yds,
Christian McCaffrey,rush_yds,
Gus Edwards,rush_yds,
Gus Edwards,rush_yds,
Lamar Jackson,rush_yds,
Brock Purdy,rush_yds,
